username;full_name;email;password;role;shift;document_id;radio_channel;phone_extension;primary_role
# --- GUARDIA G1: 1 SUPERVISOR + 7 OPERADORES ---;;;;;;;;;
MIGUELG;GONGORA ROJAS MIGUEL ALONSO;MIGUEL.GONGORA@ANGLOAMERICAN.COM;41833717;SUPERVISOR;G1;41833717;OPS_RELAVES;0;SUPERVISOR
VICTORA;LLERENA CALLE - BRACAMONTE VICTOR ALEJANDRO II;VICTOR.LLERENA@ANGLOAMERICAN.COM;71491945;OPERATOR;G1;71491945;OPS_RELAVES;0;OPERADOR_BOMBAS
CARLOSP;PILCO APAZA CARLOS EDUARDO;CARLOS.PILCO@ANGLOAMERICAN.COM;42324277;OPERATOR;G1;42324277;OPS_RELAVES;0;OPERADOR_CICLONES_1
KLISMANV;VIZCARRA CORI MANLEY KLISMAN;MANLEY.VIZCARRA@ANGLOAMERICAN.COM;71209033;OPERATOR;G1;71209033;OPS_RELAVES;0;OPERADOR_CICLONES_2
VALERIEC;CAYO GOMEZ VALERIE JAZMINE;VALERIE.CAYO@ANGLOAMERICAN.COM;71719330;OPERATOR;G1;71719330;OPS_RELAVES;0;OPERADOR_DISTRIBUIDOR
LENISV;VILCHEZ NAVARRO LENIS AUDEL;LENIS.VILCHEZ@ANGLOAMERICAN.COM;70745703;OPERATOR;G1;70745703;OPS_RELAVES;0;OPERADOR_DESCARGA_1
JULIOM;MIRANDA ALARCON JULIO ALBERTO;JULIO.MIRANDA.A@ANGLOAMERICAN.COM;80624359;OPERATOR;G1;80624359;OPS_RELAVES;0;OPERADOR_DESCARGA_2
ALVAROC;COLLANTES PUMA ALVARO DEMTRIO;ALVARO.COLLANTES@ANGLOAMERICAN.COM;46082271;OPERATOR;G1;46082271;OPS_RELAVES;0;OPERADOR_MISCELANEOS
;;;;;;;;;
# --- GUARDIA G2: 1 SUPERVISOR + 7 OPERADORES ---;;;;;;;;;
EMILIOA;ALIAGA CASTAÑEDA EMILIO URIEL;EMILIO.ALIAGA@ANGLOAMERICAN.COM;46593500;SUPERVISOR;G2;46593500;OPS_RELAVES;0;SUPERVISOR
JULIOA;ARI ACERO JULIO LUIS ANDREE;JULIO.ARI@ANGLOAMERICAN.COM;46022412;OPERATOR;G2;46022412;OPS_RELAVES;0;OPERADOR_BOMBAS
DIEGOC;CHAMA CAHUANA DIEGO;DIEGO.CHAMA@ANGLOAMERICAN.COM;47345426;OPERATOR;G2;47345426;OPS_RELAVES;0;OPERADOR_CICLONES_1
DEYVIC;COAYLA RAMOS DEYVI ALBERTH;DEYVI.COAYLA@ANGLOAMERICAN.COM;46108897;OPERATOR;G2;46108897;OPS_RELAVES;0;OPERADOR_CICLONES_2
ANGELAL;LAQUI FALCON ANGELA MAYUMY;ANGELA.LAQUI@ANGLOAMERICAN.COM;47507242;OPERATOR;G2;47507242;OPS_RELAVES;0;OPERADOR_DISTRIBUIDOR
JUANV;LIMA MELO JUAN VICTOR;VICTOR.LIMA@ANGLOAMERICAN.COM;43830918;OPERATOR;G2;43830918;OPS_RELAVES;0;OPERADOR_DESCARGA_1
PEDROM;MOSCOSO SANCHEZ PEDRO JESUS PAULINO;PEDRO.MOSCOSO@ANGLOAMERICAN.COM;45073740;OPERATOR;G2;45073740;OPS_RELAVES;0;OPERADOR_DESCARGA_2
ELVISR;ROMERO GIRALDO ELVIS MIGUEL;ELVIS.ROMERO@ANGLOAMERICAN.COM;76676074;OPERATOR;G2;76676074;OPS_RELAVES;0;OPERADOR_MISCELANEOS
;;;;;;;;;
# --- GUARDIA G3: 1 SUPERVISOR + 7 OPERADORES ---;;;;;;;;;
HUGOA;ARI MAMANI HUGO ANDRES;HUGO.ARI@ANGLOAMERICAN.COM;40132660;SUPERVISOR;G3;40132660;OPS_RELAVES;0;SUPERVISOR
PEDROC;CHOQUE MANZANO PEDRO IVAN;PEDRO.CHOQUE@ANGLOAMERICAN.COM;75555937;OPERATOR;G3;75555937;OPS_RELAVES;0;OPERADOR_BOMBAS
ANTHONYM;MAMANI CUTIPA ANTHONY JESUS SMIT;ANTHONY.MAMANI@ANGLOAMERICAN.COM;72297288;OPERATOR;G3;72297288;OPS_RELAVES;0;OPERADOR_CICLONES_1
VILMAR;ROSADO FALCON VILMA LUCIA;VILMA.ROSADO@ANGLOAMERICAN.COM;45564062;OPERATOR;G3;45564062;OPS_RELAVES;0;OPERADOR_CICLONES_2
JORGEV;VILCAMIZA PEVE JORGE RICARDO;JORGE.VILCAMIZA@ANGLOAMERICAN.COM;41748219;OPERATOR;G3;41748219;OPS_RELAVES;0;OPERADOR_DISTRIBUIDOR
JHOFERP;PARI COAYLA JHOFER LUIS;JHOFER.PARI@ANGLOAMERICAN.COM;74924255;OPERATOR;G3;74924255;OPS_RELAVES;0;OPERADOR_DESCARGA_1
PAULC;CRUZ APAZA PAUL;PAUL.CRUZ@ANGLOAMERICAN.COM;44428468;OPERATOR;G3;44428468;OPS_RELAVES;0;OPERADOR_DESCARGA_2
DIEGOM;MONTES RODRIGUEZ DIEGO ALEXANDER;DIEGO.MONTES@ANGLOAMERICAN.COM;45437279;OPERATOR;G3;45437279;OPS_RELAVES;0;OPERADOR_MISCELANEOS
;;;;;;;;;
# --- GUARDIA G4: 1 SUPERVISOR + 7 OPERADORES ---;;;;;;;;;
DANTEF;FERNANDEZ ASCURRA DANTE PACO;DANTE.FERNANDEZ@ANGLOAMERICAN.COM;18110964;SUPERVISOR;G4;18110964;OPS_RELAVES;0;SUPERVISOR
JONATHANC;CABELLO RODRIGUEZ JONATHAN SERGIO;JONATHAN.CABELLO@ANGLOAMERICAN.COM;46317960;OPERATOR;G4;46317960;OPS_RELAVES;0;OPERADOR_BOMBAS
MADELEYNC;CALIZAYA CUAYLA MADELEYN WENDY;MADELEYN.CALIZAYA@ANGLOAMERICAN.COM;72471346;OPERATOR;G4;72471346;OPS_RELAVES;0;OPERADOR_CICLONES_1
EDSONH;HILARI CABRERA EDSON EUSEBIO;EDSON.HILARI@ANGLOAMERICAN.COM;40824273;OPERATOR;G4;40824273;OPS_RELAVES;0;OPERADOR_CICLONES_2
DAVIDM;MAMANCHURA PAQUERA DAVID PRUDENCIO;DAVID.MAMANCHURA@ANGLOAMERICAN.COM;72297311;OPERATOR;G4;72297311;OPS_RELAVES;0;OPERADOR_DISTRIBUIDOR
ALEXISM;MAMANI MARCA ALEXIS RODRIGO;ALEXIS.MAMANI@ANGLOAMERICAN.COM;70858297;OPERATOR;G4;70858297;OPS_RELAVES;0;OPERADOR_DESCARGA_1
FERMINQ;QUISPE MEDINA FERMIN HANDERSON;FERMIN.QUISPE@ANGLOAMERICAN.COM;43656602;OPERATOR;G4;43656602;OPS_RELAVES;0;OPERADOR_DESCARGA_2
ROBERTOY;YAÑEZ PEREZ ROBERTO CARLOS;ROBERTO.YANEZ@ANGLOAMERICAN.COM;29679222;OPERATOR;G4;29679222;OPS_RELAVES;0;OPERADOR_MISCELANEOS
